em_id,first_name,last_name,salary
995715649,Daffi,Douglass,14706
003510623,Nicolas,Scarlin,14140
867142561,Lilian,Beardsdale,13070
297182278,Gregory,Hanley,14580
880350184,Yehudit,Bernaldo,17948
750280357,Elsa,Bewshea,16230
118539023,Ferdinanda,Hathaway,10955
431399007,Flory,Klugel,18532
957232802,Emilee,Tolliday,6235
161778091,Darcy,Cherrison,14281
333421520,Moises,Roistone,6970
285417351,Mina,Glenny,8395
985038742,Alyssa,McCuish,7502
153850202,Saundra,Gunson,10160
795991899,Ernaline,Sawney,7121
601965364,Stephen,Volkes,10610
736502383,Donella,Stygall,18195
889749658,Gleda,Banisch,13372
612956128,Olly,Erni,19318
236653050,Millisent,Hearons,11925
935283934,Ronna,Gostall,13132
504063163,Barnabe,Wilmore,11827
840099986,Cayla,Giles,12568
750114742,Toddy,Pinner,8486
664253685,Nickolaus,Loffill,8548
252952088,Aland,Goodliffe,14532
195231112,Salaidh,Blackford,11998
150279391,Trumann,Kelk,8706
690299548,Veronike,Swan,14371
045087593,Chloris,Sutherns,11549
790743170,Keven,Dormand,18602
065830166,Sibby,Kondratenko,18605
815386042,Estelle,Hise,11373
875446711,Isa,Marston,7378
355822871,Myrta,Yeowell,11746
247837735,Vilhelmina,MacKim,9640
050555545,Mercedes,Aish,15796
617758551,Reena,Connett,8160
141867166,Peder,Gaze,9937
505571921,Dosi,Matheson,11707
736009235,Estrellita,Grichukhanov,18770
436595841,Massimo,Lowne,9841
409562234,Kurtis,Mangin,18756
204637922,Erik,Ianelli,11847
512940122,Stewart,Dimont,16111
619048401,Gretel,Nolton,6846
470607412,Rik,Coldham,6688
461423109,Bellanca,Beilby,18379
841097188,Ema,Saket,10982
541171572,Odilia,Woolston,18417
570740003,Dore,De Malchar,11502
982455496,Wilma,McKinnell,19420
762974855,Andre,Wozencraft,18715
620659824,Janene,Camillo,9808
405226871,Tadeo,Hayward,16562
005145747,Letty,Huggons,11343
633205472,Hugo,Skipton,8460
092754515,Lyndel,Stollsteiner,17217
164065604,Kylen,Warbey,18994
967121346,Shanan,McGarvie,15270
573284331,Abbie,Colman,18281
885557193,Renelle,Itschakov,14410
613574055,Currey,Simonelli,17582
124559975,Kayley,Hopkynson,13917
424240758,Gaspar,Devas,6296
908122514,Celisse,Simnett,6289
460536381,Aurlie,Sweynson,17361
260360458,Jasmine,Keysel,18624
086118963,Benedikt,Petrelli,12627
636662463,Pattie,Hannis,11788
616424937,Wini,Gorgen,7490
758394292,Reider,Byrde,12185
721248833,Ninette,Warman,10901
036021497,Aaren,Tideswell,18300
092519490,Olga,Rosebotham,11449
419322496,Farra,Aberdalgy,16393
831547449,Chlo,Croll,15088
750200121,Lonnie,Tumioto,10319
417081781,Ilsa,Nowill,8064
668074819,Ivar,Mesias,11246
980398109,Laina,Agius,18847
607574361,Harmonia,Bice,15069
724193455,Clemente,Wards,19500
001543538,Velma,Studart,15771
475443309,Brose,Driffe,19741
543257923,Northrop,Volk,13257
740363237,Hansiain,Bowshire,7201
139017870,Godfrey,Pietrzak,17840
736893815,Fitzgerald,Yearne,11150
324375529,Derek,Pechan,12775
509167884,Shaw,Blanchette,11113
371676118,Mercy,Dillingstone,11257
351101580,Vanna,Bruster,16832
415954754,Gabrielle,Devonport,9422
832448839,Giorgi,Jaime,11404
073319693,Roth,Cowden,9170
210274598,Jesse,Jenne,16546
485898893,Boonie,Dulanty,6348
766741215,Tobye,Jedraszczyk,14317
103902646,Shawnee,McGoon,10688
012943391,Jaimie,Allaway,11135
836670970,Goddart,Basnall,6766
392352078,Tiler,Ferbrache,19058
136612880,Ernie,Flann,10534
494704057,Sallee,Yukhnev,13799
366558736,Barnie,Cricket,8647
329518955,Gerrie,Harly,10901
084503456,Josefina,Beckinsale,16364
755558606,Jermayne,Lewsley,14766
521522820,Becki,Gozzard,9759
750494347,Anatol,Caudray,7079
330219031,Jamaal,Matzaitis,15771
422957628,Donovan,Griffith,14137
635027893,Essie,Boden,17328
794153511,Kinna,Comelini,11946
057851358,Umberto,Moreton,7498
935194922,Field,Raiston,8002
350437713,Yvette,Leadbeatter,7554
192823688,Hamlen,Ubsdale,18729
348955707,Cliff,Hassur,18392
820249517,Doug,Yesichev,16962
524893329,Garland,Tregoning,11844
462911907,Lacy,Joseph,9011
595446095,Ernesto,Kenworthey,8655
314134781,Damara,La Padula,12426
141133895,Terra,Baldam,13124
292870589,Ingaborg,Geratt,18517
577630915,Kelsi,Surmeyer,14136
725503953,Corliss,Widdop,7579
744342438,Georgie,Mcwhinnie,6736
320380411,Carlin,Farr,7682
367187937,Kaleena,Rowet,18264
715374790,Georgette,Cashen,12069
879156975,Renaud,Chomiszewski,19858
707132487,Annabal,Pigeon,6582
440327900,Gard,Fritschmann,16614
795287992,Cori,Ruston,19828
890003369,Catlaina,Wrightam,15801
888330861,Wolf,Mac Giolla Pheadair,12551
992703090,Evonne,Powdrell,6802
574141906,Carena,Stonhouse,14877
766892662,Bud,Frankowski,12072
274878278,Alicea,Reeme,17620
611127729,Aguie,Minkin,6787
598780758,Mervin,Yerbury,13131
557186261,Alyosha,Gennrich,15256
464875955,Ayn,Cawthry,7315
391771971,Lorette,Spelling,10748
992664950,Boycey,Crady,7970
250697339,Kandy,Swarbrigg,16189
770042193,Pearce,Ianinotti,8654
915165531,Roberta,Troppmann,13100
746027242,Wenona,Denholm,16715
463175157,Deeann,Antrum,7839
382970872,Rhoda,Cozens,6171
092900047,Andreas,McKie,18131
447456951,Kate,MacPaik,18917
229526774,Isador,Elles,11195
533940142,Cecilla,Jamary,9657
401267747,Ber,Olsen,16097
768175040,Shandy,Canada,11837
895738147,Marty,Brodnecke,16027
742289611,Gwenette,Stanfield,12145
546621186,Ola,Cartmer,14613
896897649,Barny,Ferrieri,18647
635662386,Alaine,Cullerne,8453
071961495,Mada,Avramov,8181
179538595,Arielle,Southard,16585
008379588,Buffy,Thewles,11432
772304623,Hephzibah,Glasby,15737
688661837,Judah,Roberson,10735
978345655,Brigit,Kneath,6109
074274374,Ulrica,Maylam,13015
058797922,Marianna,Davids,6431
452937229,Sumner,Coldwell,13681
931832403,Delphine,Philp,16926
602194268,Norri,Cockings,18662
276484140,Krystle,Rootham,19244
784902638,Marjory,Sinderland,8082
529037563,Abdul,Horsburgh,15045
097453943,Elspeth,Lacknor,6164
378213984,Moise,Mochan,10764
364271201,Viola,Sharvell,13280
230746090,Isa,Burnsall,13768
661319090,Constancia,Norvill,12890
615068764,Sara,Mushrow,8597
196295696,Cathrin,Turgoose,9609
885641852,Rhett,Wareing,18119
908223328,Lorri,McElvine,15249
689946485,Albrecht,Keets,10919
363143266,Susanne,Beamiss,7012
092741060,Lauritz,Crispin,17160
713018891,Mariam,Kalisz,9882
833682521,Roxanne,Rieflin,11732
243500803,Nancy,Arnould,8909
095131359,Fernandina,Hurich,8353
317878499,Vlad,Schistl,11932
219505215,Lisette,Davidove,14510
531484576,Bathsheba,Mulder,16351
032049351,Hilde,Djekic,19246
629672609,Mischa,Sibyllina,10898
477692548,Gerrard,Feldberg,8843
191662114,Ronnie,Le Sieur,16932
596433578,Martin,Stanners,15261
371369583,Evania,Streeting,19484
984350743,Algernon,Janek,18725
983321113,Marley,Hully,16282
636858414,Alverta,Atyeo,12712
734530174,Padget,Adamovitz,7540
781838526,Ottilie,Surgison,15038
617456121,Jeremiah,Tricker,15768
904779406,Willyt,Axon,11148
151191594,Raine,Exer,14746
705906811,Nina,Eversfield,14013
085187792,Elicia,MacChaell,11446
335051579,Cammie,Marshallsay,17467
347740027,Wesley,Siggee,15653
911015410,Emiline,Lamzed,14171
923536778,Ilyssa,Thunderman,6342
937049426,Dara,Wilber,7493
845919716,Foster,Brannon,12820
525503259,Arabele,Weald,8240
270924940,Elizabeth,Markovich,11942
939662761,Janette,Caudell,10331
382318427,Quentin,Linger,7790
360390841,Dionis,Wallen,10021
113955405,Florie,Bendik,7475
348201260,Bearnard,Goscomb,13812
128545745,Cassius,Woodman,17688
925638640,Wendell,Yanuk,7941
683844420,Howard,Pinson,17201
770159297,Shelton,Holson,19745
991004888,Hasty,Ayling,18896
718740896,Tabbitha,Jewise,6234
216049651,Lorin,Jindracek,18205
873475462,Dierdre,Montilla,7892
468288433,Gabrielle,Stainson,11727
729794325,Roscoe,Simnett,7058
305123941,Guillermo,McKerlie,11651
210826506,Trumaine,Whitchurch,17015
324539265,Gardner,Barlie,9778
476246719,Darin,Negro,14161
339386425,Alvera,Oxtarby,10829
339934389,Sonni,Duprey,16387
028981650,Timotheus,Nendick,6635
527701313,Jaquenetta,Valens-Smith,11925
671529549,Allayne,Brockest,19853
224754446,Chrissie,Didball,19285
942345154,Josepha,Lunt,9529
759636101,Rayna,Ferber,14518
279832793,Ellyn,Prodrick,16838
820327381,Martie,Edridge,7883
533590441,Dalston,Georgeou,18826
237165544,Gwendolin,Tuxwell,13449
350875712,Ruperta,Balm,15867
865681239,Gwenore,Goodlake,11062
098818483,Dalli,Kevis,12323
326967736,Hunfredo,Giannazzi,19700
913443185,Jillana,O'Hare,16372
546579858,Garrik,Hutton,12454
753895319,Elwin,Iliffe,17634
393576903,Dorotea,Gallagher,12342
702051510,Wash,Oxbe,19396
308817183,Margette,Outhwaite,18067
871657475,Zollie,Goodfield,14659
763217823,Clementine,Cowie,15184
916469846,Brunhilda,Aggiss,19965
619863148,Noella,Blodgett,12756
010805580,Alon,Markl,18732
467517160,Sheba,Horbart,15571
029765275,Lowe,Stilgo,11502
970278070,Charin,Brayfield,9944
816591045,Jerrilyn,Adams,14606
518947468,Fawn,Clampe,8601
117090238,Eugene,Baldacchino,13108
980324985,Koo,Mc Mechan,11548
081443054,Krispin,Gratland,18877
629603811,Jaclyn,Kyngdon,17015
839864465,Viola,Plott,17557
185079831,Glenden,Ramirez,17171
513852071,Illa,Pinkard,10904
187734366,Pietrek,Douse,8903
509275607,Garnette,McPheat,14050
282271805,Ferd,Whitsun,8020
284359297,Cal,Ringsell,19675
861303903,Seth,Fagence,16806
908126768,Gerry,Sackes,18149
356111290,Derwin,Apfler,11630
765478343,Lance,Pyne,15141
048647594,Darn,Smallwood,12562
230815566,Jenica,Handrok,6448
699496630,April,Pilipets,11153
751037691,Dian,Kneesha,15623
699864151,Andree,Skayman,14840
402048512,Antony,Johnys,17776
878433748,Cora,Badsey,17989
165238878,Jase,Zanassi,19415
451316705,Feodor,Bowdery,19777
352822839,Olly,Walklot,13438
106525119,Leicester,Garken,9258
178666074,Emmy,Gregorace,16430
229615740,Koressa,Baskeyfield,12958
198814553,Ferrell,Prall,8242
162648142,Jeramey,Hammon,18527
929548648,Haywood,Kinghorn,11215
802934189,Norrie,Vassie,16471
393450212,Elvina,Brogi,9346
688925634,Bondie,Slimm,6521
132010490,Jeremias,Sparrow,8533
958142341,Colette,Heynen,18050
127821918,Gerrie,Orbon,14714
480127813,Fifine,Whotton,13438
457971338,Tanhya,Olyff,19707
970571233,Freddi,Beggi,10998
658564281,Richart,MacPeice,15982
655259001,Roana,Cumberlidge,8654
360848854,Ximenez,Ricardot,15898
913357506,Deva,Echallier,13457
836579011,Tracy,Jennick,19635
343490255,Peder,Kunrad,7749
693610267,Ahmed,Bemlott,7261
537175211,Floris,Dobrowolny,11506
412258548,Francisco,Shovelin,11941
012638587,Alicea,Horsewood,12449
101953084,Leonhard,Hughlock,18974
667931334,Kalle,Ison,19320
560651761,Alidia,Semens,19134
765357442,Oralee,Sabine,8157
198266859,Jo,Batstone,19527
498155036,Sofia,Probert,15841
177256205,Myriam,McDaid,14282
617292974,Analiese,Gonnard,7744
774653648,Elana,Bultitude,8616
127809455,Read,Wyvill,12439
734196899,Matilda,Murty,13014
522990860,Darby,Stetson,10376
133348279,Erek,Terram,11057
484704810,Roby,Abbatt,15243
714011377,Sallie,Corkel,6648
507973169,Constantia,Hedin,19145
461714094,Tillie,Feldbaum,13255
213954003,Rodge,Du Fray,6510
780390378,Joli,Breckwell,7243
210171934,Silvana,Varfalameev,18865
736118185,Reese,Silvester,15395
883311691,Mathew,Hulbert,6367
618919088,Marlena,Traher,15193
890715596,Toni,Ivanov,12346
855522077,Gerard,Isted,10863
887282476,Hart,Burress,12417
752540023,Thibaud,Byas,15602
533827406,Caitrin,Hacking,8127
320141774,Phaedra,Telford,13280
873911959,Buckie,Pitson,8542
009385231,Nahum,Leavesley,13440
141140098,Kale,Khomin,19145
312578819,Marjorie,Santen,7886
620579446,Reinaldos,Whettleton,9174
841448621,Cris,Tieraney,17860
635610945,Claiborne,Chewter,15509
404040024,Neely,Adamiak,18577
899339270,Carr,Markel,18196
775851939,Dorian,Lineen,7259
646600561,Dick,McIlhagga,19761
251745122,Cirillo,Lampke,11536
243172611,Athena,Klassmann,14589
194691141,Jacquetta,Buzzing,8400
794922762,Timofei,Pillinger,6166
222801306,Garvin,Fattorini,11380
458899046,Othella,MacCostigan,14981
728666532,Raymund,Athowe,19515
337896519,Clareta,Belderson,14680
729586407,Cazzie,Cluley,10327
089841640,Graehme,Henbury,12963
750450292,Gabriellia,Hulles,18791
983207552,Dulciana,Craiker,11390
522740512,Reba,Broske,16814
968219989,Miranda,Dwelley,8510
984856473,Roby,Murkitt,16369
475529168,Langston,Ecclestone,7156
731142515,Imelda,Willgoose,15829
568766870,Marco,Stevens,10258
604301629,Everard,Edginton,7565
764749496,Marje,Upshall,12676
436518157,Dacia,Braemer,14506
844430650,Katrina,Maxweell,13288
278839113,Aundrea,Semrad,10072
605049938,Catherine,Jenteau,18947
484060511,See,Birrell,8230
155803404,Brodie,Blundon,14300
045438526,Bartholomeo,Johnes,7795
104359686,Victor,Coggings,15588
215458112,Anna,Leeuwerink,6309
648829127,Grove,Drever,8628
140279756,Rosemaria,Brockelsby,8363
604314036,Byron,Cana,8056
679191015,Anette,Borkin,11035
606504218,Jacquette,Crafts,17790
928762542,Tally,Stoves,14479
579127292,Evelin,Brobyn,17897
771231041,Bentlee,Bener,15677
143131406,Darin,Wogdon,10130
853727944,Zea,Miettinen,19161
547926306,Lissy,Woodburn,9145
589127937,Chane,Shannon,19186
055152143,Demetria,Seldon,14592
440250930,Mendel,Zuker,6544
692361509,Papageno,Biggen,15322
894962236,Vinni,Drew,10637
638974516,Linoel,Doni,7630
718798626,Ollie,Gentry,12465
255340449,Yuma,Piesing,10499
219601927,Chelsy,Daal,9510
738849202,Hana,Snoddon,12384
071273362,Sapphire,Cosens,16334
845912900,Devin,Quarterman,8920
705708588,Garrot,McBratney,16052
272936841,Isak,Iwanowski,13188
450177304,Melodee,McCarrison,8724
536496809,June,McCaughey,7995
686894254,Libbie,Ellinor,8020
962949638,Lindsay,Balm,15565
602578073,Elsinore,April,19525
806062472,Rosalynd,Beckson,12273
573212448,Misti,Dureden,11311
211689744,Maible,Gladman,8963
630014693,Cordelie,Juckes,6451
158135826,Anabel,Guillerman,15690
770253624,Norina,Craister,16666
714536128,Joete,Willox,14938
179391023,Malinda,Meecher,18442
714603536,Normand,Zimmer,11422
445298667,Connor,Sidney,14311
768176070,Elissa,Pavy,15854
757430241,Dynah,Skyrm,9035
589872419,Shalne,Westcott,16966
236775278,Malachi,Semerad,7186
269806568,Shep,Furmage,19117
501579980,Etta,Sarfati,7556
097277835,Harper,Mace,11734
791106708,Ahmed,Mordy,19070
718802548,Brigitta,Simmonds,16892
589301821,Ransom,Sindall,19810
346535024,Barr,Oxtaby,14919
905587707,Riannon,Hrycek,14360
221300694,Rhianna,Veart,13040
749304369,Lesly,Piens,8125
592893787,Calli,Bickerdicke,16968
174629155,Eleni,Palumbo,12397
153241174,Theresita,Noah,18076
953949724,Elton,Hesse,10082
514193423,Dannie,Shinfield,7898
552251003,Thorndike,Robart,11153
852821102,Katie,Padula,14655
884355434,Corinna,Giacoppoli,19886
668406052,Michelina,Cusack,17163
194563366,Verene,Jandak,9324
843873632,Job,Smaleman,6009
777823453,Madlen,Stuckford,13948
201391316,Adrianna,Byram,19312
769239384,Greg,Oak,7463
884107374,Gaven,Dethloff,9975
260701316,Gayler,Ostler,17211
809127048,Ellen,Menendez,6289
019960727,Griffy,Firmager,17198
271582089,Priscella,McGuirk,13488
651546201,Isabeau,Callinan,9218
410105143,Kendal,Wain,11566
911796368,Standford,M'Chirrie,14260
284848175,Walton,Sworne,16773
283601196,Tiebold,Nutkins,9196
322731831,Grete,Crane,11013
899011903,Cortie,Lukehurst,19131
548404580,Georgette,Szach,17240
252310393,Giffy,Schoffel,18783
844365450,Vassili,Plimmer,10410
431922813,Marlow,Housego,6197
229116605,Ced,Beade,8512
478795170,Taddeo,Roby,6554
609576579,Alaric,Bjorkan,12537
695389090,Upton,Farloe,8658
246175620,Mile,Stourton,17785
535400981,Bern,Clare,18967
318498340,Murdoch,Dumbare,6391
864900732,Raffaello,Jedras,18050
387211420,Silvana,Jaycocks,8767
224263754,Ree,Titterton,19425
160327719,Miran,Staniford,11593
649274470,Meir,Scandwright,12436
053828981,Carly,Archbould,17050
705406733,Remington,Bentzen,12089
477036241,Jamaal,Lintall,14006
873994241,Morty,Rozec,9487
450037767,Cara,Callaway,19052
211359005,Elden,McIlvenny,15712
686698590,Aurelie,Rablan,15021
978013441,Myles,Eliassen,18653
717106749,Cassondra,Orleton,18233
624290612,Pegeen,Ecob,6410
624288890,Gunner,Cuddon,18221
816508660,Vitoria,Pinhorn,13755
261062200,Georgeanna,Harriskine,9758
928545381,Vinny,Grouer,8792
853130275,Daile,Lievesley,16727
206288356,Horst,Wegman,9442
441773370,Julianna,Vlasin,9878
643514053,Renelle,Laughnan,8023
787373986,Cyril,Kynd,13522
617824992,Royal,Streeting,8683
501487636,Aldus,McTurk,17732
254183134,Athena,Leney,10270
673475478,Garwood,Twallin,10211
359618622,Bo,Sheilds,6511
104098064,Eran,Bushen,10876
754650176,Britte,Foxwell,11039
205294997,Avrit,Hayland,9973
990728222,Ranique,Tevlin,16501
235534595,Eran,Manchester,12978
258022923,Carla,Parkhouse,6216
579001671,Dorise,Basilotta,9522
594412801,Andros,Melrose,12789
158520018,Marjie,Paggitt,15135
349754704,Hilario,Thyng,18767
342548019,Gonzales,Chittie,14324
813522649,Ephrayim,McGraffin,6727
061071883,Kania,Giocannoni,7522
775391089,Lothaire,Lickess,6171
228547715,Cyrill,Agdahl,19531
033905474,Rog,Bisson,7291
648058132,Laraine,Polycote,17687
204242106,Ethelred,Nairy,15742
915926672,Laurene,Cardnell,8577
341085264,Page,Grolmann,10578
569878396,Tandy,Skermer,16907
477663053,Franciskus,Momery,10666
783717113,Kylila,Furniss,12009
555162069,Fan,Goymer,15272
965734198,Rowena,Frankland,8881
213989479,Adan,Girkins,10209
564180130,Rafferty,Greschke,11800
556894465,Pauletta,Delicate,8691
679997666,Constantin,Hitchens,8469
835190007,Gilly,McLanaghan,6694
337802327,Nowell,Chataignier,15748
670671149,Jackelyn,Lawrenceson,10107
708515410,Syd,Mutlow,6512
592458617,Skye,Camel,19848
976997166,Dorita,Oselton,8553
959701411,Umeko,McWhirter,16187
326283524,Averell,Paladino,13961
292608890,Eileen,Dugan,17110
649429017,Travis,Trivett,8575
684803812,Hakeem,Songust,18378
788436504,Leopold,Yea,18436
509519761,Rozalie,O'Sculley,9043
507410925,Corbet,Cowans,14205
020066528,Bibby,Ungerechts,13507
838491698,Jean,Geroldini,19537
403646529,Lennie,Lambert-Ciorwyn,15741
244587046,Betta,De Ferraris,7700
344615724,Kessiah,Gilluley,16836
326029970,Tiffy,Clemot,18423
152452318,Amalle,Bonavia,7835
075905856,Frayda,Britland,16302
700398931,Arline,Nind,16092
756653140,Chrissy,Dorrity,10507
482614855,Fernanda,Keel,12288
851930168,Ellswerth,Cuzen,7445
139099038,Bev,Delepine,6998
718408998,Brigid,Fenelon,12162
424601787,Fran,Vause,7868
850817402,Nannette,Aspel,16415
539023181,Westbrooke,Russ,13912
313672129,Rourke,Crossley,9567
817541888,Emlyn,Earl,11042
698745157,Dante,Arrol,8388
485698844,Alva,Perree,12948
407859127,Meggie,Mallinder,19682
162227499,Bert,Van Der Hoog,14218
774234336,Teddi,Middiff,15528
078120681,Ellwood,Tedder,14037
360391366,Harriett,Bonnett,6639
865788939,Rebeca,Sobczak,8564
730269129,Shannah,Liley,13210
388451690,Thaxter,Beavors,7126
419144040,Ainslee,Paget,10447
373674922,Sheila-kathryn,McCarrell,11899
684968117,Tallie,Filppetti,17615
374269823,Lindsay,Knocker,17525
287426095,Gaye,Dennistoun,11906
341587407,Bordie,Woolford,14324
090992427,Fee,Winfindale,18184
512303788,Ash,Choffin,16012
078199489,Pat,O'Dowling,11390
873868662,Yovonnda,Yanson,14704
750287353,Abdul,Hurlston,12790
010778317,Consalve,Cherry,13657
249804553,Neille,Fleischmann,13822
388996575,Jodee,Roos,7705
954504053,Daphne,Jewers,6361
692812350,Florie,Featherstone,10727
103042300,Esteban,Badland,18004
890290774,Pate,Keelinge,14193
521273434,Lesli,Matveyev,12661
670740078,Darleen,Docker,16710
292815566,Eward,Hardiman,15723
410846459,Reeta,Pudsall,12345
796939742,Blake,Wale,8654
886558356,Taber,Tomczak,13249
944840657,Zulema,Mincini,12113
530192612,Diana,Callicott,6053
571626624,Jolie,de Banke,19834
960746982,Perice,Mainland,7600
323498503,Perl,Lardez,16315
710066917,Dael,Jecks,14290
140723312,Beverlie,Santon,19684
795413328,Jae,Merrington,11496
911880170,Althea,Gerling,9919
380185536,Cirillo,Cotherill,18053
065925109,Sileas,O'Shiel,19811
423866989,Lidia,Gurwood,9768
578645108,Renaud,Kerley,13097
814747139,Ediva,Turfrey,18259
631159996,Vivienne,Abbots,6987
582743934,Chad,Shaudfurth,15786
558245644,Barthel,Safe,16744
751901189,Krystyna,Kulic,8899
170769951,Deena,Vigors,6672
319158200,Dix,Thorburn,17535
746713885,Yuma,Tammadge,14495
329376310,Xena,Osmond,7594
805225066,Eleen,O'Moylane,6457
102616200,Neddie,Skells,8736
825668146,Massimiliano,Souten,10155
189999334,Clare,O' Culligan,8000
636108167,Molli,Osant,11307
014414038,Lorelei,Calf,16931
778639839,Linnell,Blaxeland,6567
646974723,Zsa zsa,Beardshaw,13200
518835241,Sloane,Fosh,6991
411591356,Vinnie,Keig,17301
471725480,Ole,Yearn,19984
665174011,Durand,Sommerville,6865
093691607,Myrvyn,McMillan,8800
523666684,Yardley,Justis,9263
296973061,Dalila,Cabrales,9460
639464118,Kevon,Galbraeth,9243
414558547,Mario,Turmell,14375
534686211,Biddy,Gounot,14773
527965384,Astra,Balbeck,19056
625019851,Cherilynn,Giabuzzi,9826
242340509,Woodrow,Sywell,16672
459162770,Justina,Mersh,16516
847010531,Ardene,Kintzel,15369
528067752,Naoma,Kingsmill,8510
999433826,Levin,Yve,11945
715071262,Susy,Chesterfield,19524
456441628,Yanaton,Crandon,8733
661209100,Ava,Stanfield,7112
198446913,Costa,Baden,7629
802809781,Inessa,Zoppo,8473
801031572,Keith,Hallatt,7921
714080743,Maxi,Fernando,9744
715735126,Hillary,Treleaven,11930
944171827,Cory,Cano,9252
149367880,Carr,Arro,13423
717602199,Fanni,Breissan,19803
147527730,Junia,Bowditch,12967
708570974,Jasun,Keat,15657
546641058,Raimondo,Godball,15033
557511653,Sloane,Yesenin,9639
285807600,Vivi,Gravy,12881
408899671,Shermie,Piff,11172
779367460,Tate,Poppleton,14115
993826957,Bekki,Labitt,15883
088454946,Esteban,Paddemore,11187
674823260,Minnnie,Batterton,14267
715667008,Aggi,Piscopello,17097
814503339,Krystle,Heigl,16312
823013828,Ana,Jorin,15619
140329983,Susan,Elverston,14261
764131179,Janelle,Garlic,14303
580416158,Ernst,Jerrome,7679
691502586,Gradey,Huffer,9380
091260225,Jess,Gurdon,17909
158973954,Reid,Linne,16063
188147669,Di,Brandrick,7732
747898750,Georg,Clayden,16722
844257581,Aubree,Diggar,6272
519792063,Carlene,Glossup,16937
137953172,Lanae,Marcam,19251
905695294,Doe,Jeannel,19800
382687347,Laurena,Gommey,18218
609136779,Poppy,Tidball,10203
924824869,Birgit,Lafee,12142
352001327,Roderick,Gifford,11896
487120328,Kathrine,Angove,14436
740452768,Maddy,Clowton,13054
216855349,Ginger,Bracegirdle,17943
219975403,Penelope,Colbourne,12775
273552538,Alane,Klass,16132
465891024,Tanney,Mc Cahey,9702
243145366,Fletcher,Clogg,12693
926670662,Ermentrude,Ruston,13194
429045023,Lissie,Corfield,16403
229262738,Kerwin,Marc,7254
431640318,Benito,Petrozzi,16249
430312310,Luelle,Guild,9450
111580867,Rania,Goldman,9612
948482928,Goran,Sweetsur,19474
553988911,Lela,Ousley,12800
211788135,Artur,Kitchenman,8301
354219910,Alexina,Archibald,13257
975300652,Bowie,Widmore,8352
583911015,Belicia,Bechley,8097
768172721,Norbie,Brittan,14602
888370975,Nerte,Doucette,10934
085272737,Dennie,Willicott,6436
201725685,Kaja,Carillo,13060
249310996,Munmro,Arter,13656
125538621,Wilek,Cardero,12315
681848924,Fleming,Rayne,17314
449289489,Fidelity,Crosson,9341
062733937,Carita,Scneider,13431
937893137,Dusty,Kinnar,9431
689999565,Jo-ann,Cecere,13579
118426724,Peter,Matuszkiewicz,16759
426786479,Agnola,Snashall,15832
018883803,Willdon,L'Hommee,6386
582981637,Conrado,Dreinan,8302
072406309,Barbette,Pankettman,17083
529686226,Filmer,Erett,16688
822928922,Rora,Geffinger,14849
178117737,Zeb,Coxall,7349
448955482,Deni,Courtney,8668
375030653,Novelia,Fisher,8255
463456582,Umeko,Moxstead,13237
291412802,Maitilde,Gobel,17505
666252932,Lilias,Hinkensen,19502
507895090,Petey,Rusted,14607
046651369,Lilith,Brockest,10750
622592331,Pascale,Huntriss,7210
227485160,Caz,Worpole,14048
857634572,Benedetto,Whitwell,14052
036280567,Ambrosio,Klain,12138
995637522,Rollo,Gorman,19968
025600113,Muriel,Sallter,8496
910708121,Hanan,Scaysbrook,17790
158824032,Florance,Dobson,7541
569349982,Marielle,Watts,8213
423684463,Mirabella,Cockson,16127
175966745,Hatty,Bernholt,15863
141420133,Bud,Lowery,6517
822561014,Bill,Anneslie,13317
262380974,Tierney,Klaaassen,11516
258901645,Barbabra,Sima,14172
825541986,Wenona,Linnemann,12338
952079976,Danielle,Morrel,15680
320257400,Davis,Matuschek,12746
582736834,Martita,Castille,12015
692856389,Mina,Danovich,7811
762522269,Pip,Duprey,13471
817825765,Michaeline,Dome,15953
906230872,Joline,Rays,15455
656069837,Anton,Stranahan,12042
328950838,Baron,Robinet,13783
654986636,Hastings,Welsh,17393
246504695,Francesco,Tucsell,6109
053299507,Ferris,Osmar,18395
573441687,Jamey,Hartill,9238
870641370,Page,Pichmann,18324
801649896,Thaine,Saville,19201
415804946,Kameko,Mold,13469
416908680,Tawnya,Towey,12255
363052948,Geri,Monaghan,18888
705787767,Opalina,MattiCCI,7859
462499367,Carmela,Broske,6629
561258694,Rowen,Semrad,6938
012563899,Bink,Jesteco,17560
386248581,Kyrstin,Bruce,6270
420420585,Zacherie,Adan,16869
524670562,Suki,Obert,16431
615684143,Tommi,Heaney`,13771
049968460,Orlan,Sollas,9342
166021665,Kelley,Canero,9089
312448494,Moss,Petersen,6623
013912645,Nigel,Cecere,15372
762568462,Kellen,Nordass,10969
840318660,Ludovico,Banck,9720
773945524,Avram,Garfield,6964
283625289,Rosaleen,Rogliero,15578
771843414,Adham,Griswood,14985
825896842,Harmonie,Ayer,7001
187484274,Mabel,Mapham,6576
527339940,Gal,Dollimore,9761
242497574,Rafael,Frith,10524
155663800,Lauryn,Marl,16651
201130408,Idalia,Lowbridge,8135
822341258,Stefan,De Bell,16305
973621996,Kelila,Pinch,14647
920632781,Francesco,MacCourt,6809
264894276,Wald,Fealy,6163
111833466,Joyann,Wingatt,13258
217203442,Loreen,Eliassen,13395
049586505,Cesaro,Erwin,9294
009209401,Peadar,Bestar,18430
673079881,Lynea,Glaisner,13894
459627613,Dorothea,Million,15171
716858810,Ronica,O'Brogane,8601
088263254,Carlota,Ebbitt,12840
079984886,Inez,Ferrari,6200
068713931,Kerrie,Normant,8398
199137043,Blayne,Golsby,15769
392986323,Francois,Sisneros,9015
289325901,Tanny,Imloch,6804
724531712,Joyan,Koppeck,12807
459550168,Kamilah,Simenon,15776
837835299,Foster,Shilling,17389
949702702,Steffie,Tomasino,16900
192731092,Gwenore,Bynold,11492
635983471,Granny,Langwade,19274
391443816,Delinda,Tofpik,15227
392994979,Kimberli,Conrart,19321
029936885,Ase,Vaskin,6703
153670287,Wayne,Dolle,9359
056640603,Dewain,Shills,18553
614749820,Bran,Bennetts,19649
794115696,Chick,Cass,16104
294873316,Dorothea,McGing,19079
121118536,Kaitlynn,Signorelli,19297
640394684,Brad,Burker,11530
268000963,Gib,Kienzle,7618
440772461,Vito,Duddy,14283
841888510,Blair,Pessolt,16585
438430790,Lucio,Doddemeede,11449
064497400,Erick,Seden,18294
899178862,Nicholle,O'Mullaney,14483
418399888,Kristy,Avery,11194
983757891,Junia,Tilliards,15242
569429189,Zuzana,Benardeau,16352
855883192,Crissie,Tune,17010
892386761,Dredi,Gummery,11806
086156727,Gregorius,McGarahan,11054
517695961,Aleta,Baumadier,14912
709929682,Hamel,Kluss,14683
063614029,Nikkie,Yanyushkin,12757
402205007,Aron,Pennick,7476
628408315,Milicent,Robilliard,18956
983242828,Effie,Woodhall,16114
944963557,Siouxie,St. Hill,14263
246240897,Neely,McComiskie,16058
178317226,Christi,Dubble,18034
434068749,Jeno,Sacase,10941
826078406,Angele,Konmann,7701
357840804,Heddi,Reder,9983
086828346,Tarrah,Allman,15308
708897547,Gertie,Reavell,18982
132488139,Florinda,Tomasini,12248
843214944,Esme,Gaylor,14703
838539231,Israel,Sunnucks,6624
926552527,Margi,Skurm,9381
349532042,Chastity,Reeder,19323
720668823,Lonee,Skeffington,12894
950506091,Charis,Abthorpe,9050
675645102,Hagan,Tremayne,11643
415046221,Leanora,Coning,19182
716162130,Haydon,Mardle,19912
517679788,Juliann,Searson,9170
663651663,Jada,Boc,12714
089100606,Malachi,Hollyar,9479
495720014,Selena,Penreth,6101
141464821,Dory,Elia,11787
232645053,Jeth,Wallicker,9221
370269659,Ilse,Carless,17916
770618703,Kimberlee,Eyer,18051
789430976,Sidney,Schroder,15059
180373387,Durante,Faraday,13293
963568970,Patrizio,Mayhew,18049
702231188,Bobby,Duchart,8794
066135977,Bobbette,Ohm,11263
631035590,Karl,Crosgrove,9605
896315385,Erich,Guerrazzi,17124
751610687,Leontyne,Gregori,18496
687449545,Nicolai,Hebborn,14273
302549197,Phelia,Bockings,8045
653013987,Channa,Bredee,17547
432069073,Clerissa,Kubasek,13889
519481550,Annaliese,Flegg,18553
048201694,Editha,Tutin,12182
998822547,Vinny,Bohin,10113
846779539,Deana,Varah,17615
058317415,Joya,Confort,17255
123022620,Dorise,Handman,15857
483909248,Inger,Titheridge,8907
594366892,Marlon,Elam,19443
128344352,Regine,Caulton,13803
357844780,Markus,Vinton,17981
103914968,Ethelind,MacSweeney,16107
752764983,Alon,Batts,18724
155285136,Clarette,Ulster,10808
519836665,Jo-anne,Hickinbottom,7362
307000533,Evangelia,Ewbanche,10569
201821857,Elvina,Maryan,12379
185926813,Neill,Eteen,17676
953672167,Wyatan,Alesin,10701
973159467,Felicia,Blackwell,13607
070508319,Marnie,Kleinstern,10507
826859074,Manda,McSharry,18022
355249589,Sioux,Briers,7521
471997015,Cassie,Stanesby,7217
366210712,Bink,Jurs,12430
115866576,Stavros,Jaqueminet,13387
502282914,Cherish,Lucock,15470
547676914,Rubi,Pechet,12196
445269041,Byron,Lorman,16323
701956875,Gamaliel,Baelde,12613
248462621,Rodolphe,Easdon,11290
872383294,Mychal,Carmen,15417
498820251,Miller,Vignal,18615
847214868,Sinclare,Batchelour,11885
140762549,Fidelio,Severwright,12998
885765470,Britni,Giffaut,6551
427970187,Jerrilyn,Tungay,12590
188511147,Donna,Brisard,15496
587444577,Elroy,Ozanne,10547
197091282,Hirsch,Ream,8262
803372797,Gunilla,Vibert,7818
818315238,Aubree,Shulver,18503
286496076,Tommie,Enterle,17722
972191037,Nate,Bridel,19819
123087326,Tina,Saltrese,16365
489408501,Holly-anne,Blagbrough,18110
787093235,Lora,Bearman,13188
666953605,Aguste,Leadbetter,18522
561418271,Allie,Christopherson,18165
542376900,Loren,Gilson,17101
150384729,Harv,Charle,16767
171591246,Bennie,Melland,16046
500766433,Bidget,Bellord,11429
621782285,Ulrica,Purseglove,10714
049645268,Aluino,Kuhlmey,12376
400069766,Gustie,Yakubovics,16633
508748267,Timmie,Linnane,7191
825948511,Siegfried,Goold,15449
633601303,Grove,Bythway,17546
423967725,Nat,Brunger,9255
059609069,Vincents,Bonder,11083
290415816,Celestyn,Burdett,18113
411756417,Bess,Hayley,8972
144874633,Estelle,Mathieu,13647
128815909,Guilbert,Avramovic,16190
307417581,Nisse,Chaikovski,19170
517634650,Livvy,Fillery,11130
136766109,Glen,Kenealy,16503
108128515,Shane,Caren,6244
356588438,Lynde,Kyte,14316
514457237,Karisa,Okroy,15246
825714147,Byram,Crush,18805
365554867,Winnie,Littleproud,18993
959533473,Veronika,O'Carran,11828
604232474,Lucky,Hardaway,17162
068447854,Shannah,Cattroll,12035
542329182,Roth,Solley,16587
895641532,Odey,Lambshine,14371
825690384,Carlo,Parsonson,12385
295145758,Royal,Doone,12193
161696309,Janeen,Rippingall,13801
658535442,Elwyn,Bryning,14953
657336000,Cosmo,Bouchier,10510
200515695,Carmelina,Diggin,19582
880125605,Brant,Doornbos,16326
531170292,Marylin,Bendig,11654
271526502,Orelee,Dunley,17582
313776915,Zacharie,Gobbet,7108
376570056,Shell,Garahan,7131
338347764,Westley,Edwards,11868
791214599,Marj,Shepperd,19652
810703771,Carmel,Jonas,17880
121662109,Janek,Croxon,6870
590038744,Carl,Bockmann,15879
266658796,Zena,Slate,7922
487160536,Jermain,Wooton,9118
341956755,Gunar,Taillard,11244
395652680,Kenyon,Loines,13863
742997917,Larisa,Sendley,17632
819875448,Sheila-kathryn,Cawdron,11722
433914048,Yvon,Pethick,17480
795454404,Lucio,Yakebovitch,9105
569020977,Ardys,Grossier,16858
733833797,Roddie,Slyman,7003
648255483,Linc,Philippault,12074
774273855,Federica,Simmon,13980
158304491,Alina,Jaime,7424
676463686,Elvera,Quig,18983
446907807,Rivy,Nickoll,14064
783453192,Culley,Clackson,11748
874315634,Taffy,Gaunson,10162
378488167,Dahlia,Peert,17476
672771740,Josie,Shall,16890
163507585,Jakob,Hamshaw,10261
